{
  "version": "2024.1",
  "applications": [],
  "platforms": [
    {
      "name": "pf_openamp_test_r5_0"
    },
    {
      "name": "pf_openamp_test_r5_1"
    },
    {
      "name": "pf_rtos_openamp_test_r5_0"
    },
    {
      "name": "pf_rtos_openamp_test_r5_1"
    }
  ],
  "systems": [
    {
      "name": "app_echo_test_r5_0_system",
      "platform": "/home/kerngt/work/zynqmp/xli_v2024_1_wk/openamp_test/pf_openamp_test_r5_0/export/pf_openamp_test_r5_0/pf_openamp_test_r5_0.xpfm",
      "sysConfig": "pf_openamp_test_r5_0",
      "buildConfig": "Release",
      "applications": [
        {
          "name": "app_echo_test_r5_0",
          "platform": "/home/kerngt/work/zynqmp/xli_v2024_1_wk/openamp_test/pf_openamp_test_r5_0/export/pf_openamp_test_r5_0/pf_openamp_test_r5_0.xpfm",
          "sysConfig": "pf_openamp_test_r5_0",
          "domain": "standalone_domain",
          "system": "app_echo_test_r5_0_system"
        }
      ]
    },
    {
      "name": "app_echo_test_r5_1_system",
      "platform": "/home/kerngt/work/zynqmp/xli_v2024_1_wk/openamp_test/pf_openamp_test_r5_1/export/pf_openamp_test_r5_1/pf_openamp_test_r5_1.xpfm",
      "sysConfig": "pf_openamp_test_r5_1",
      "buildConfig": "Release",
      "applications": [
        {
          "name": "app_echo_test_r5_1",
          "platform": "/home/kerngt/work/zynqmp/xli_v2024_1_wk/openamp_test/pf_openamp_test_r5_1/export/pf_openamp_test_r5_1/pf_openamp_test_r5_1.xpfm",
          "sysConfig": "pf_openamp_test_r5_1",
          "domain": "standalone_domain",
          "system": "app_echo_test_r5_1_system"
        }
      ]
    },
    {
      "name": "app_rtos_echo_test_r5_0_system",
      "platform": "/home/kerngt/work/zynqmp/xli_v2024_1_wk/openamp_test/pf_rtos_openamp_test_r5_0/export/pf_rtos_openamp_test_r5_0/pf_rtos_openamp_test_r5_0.xpfm",
      "sysConfig": "pf_rtos_openamp_test_r5_0",
      "buildConfig": "Release",
      "applications": [
        {
          "name": "app_rtos_echo_test_r5_0",
          "platform": "/home/kerngt/work/zynqmp/xli_v2024_1_wk/openamp_test/pf_rtos_openamp_test_r5_0/export/pf_rtos_openamp_test_r5_0/pf_rtos_openamp_test_r5_0.xpfm",
          "sysConfig": "pf_rtos_openamp_test_r5_0",
          "domain": "freertos10_xilinx_domain",
          "system": "app_rtos_echo_test_r5_0_system"
        }
      ]
    },
    {
      "name": "app_rtos_echo_test_r5_1_system",
      "platform": "/home/kerngt/work/zynqmp/xli_v2024_1_wk/openamp_test/pf_rtos_openamp_test_r5_1/export/pf_rtos_openamp_test_r5_1/pf_rtos_openamp_test_r5_1.xpfm",
      "sysConfig": "pf_rtos_openamp_test_r5_1",
      "buildConfig": "Release",
      "applications": [
        {
          "name": "app_rtos_echo_test_r5_1",
          "platform": "/home/kerngt/work/zynqmp/xli_v2024_1_wk/openamp_test/pf_rtos_openamp_test_r5_1/export/pf_rtos_openamp_test_r5_1/pf_rtos_openamp_test_r5_1.xpfm",
          "sysConfig": "pf_rtos_openamp_test_r5_1",
          "domain": "freertos10_xilinx_domain",
          "system": "app_rtos_echo_test_r5_1_system"
        }
      ]
    }
  ],
  "others": []
}